N,P,K,pH,temperature,rainfall,label
80,40,40,5.5,20,1250,Rice
82,41,41,5.575,20.75,1250,Rice
84,42,42,5.65,21.5,1250,Rice
86,43,43,5.725,22.25,1250,Rice
88,44,44,5.8,23,1250,Rice
90,45,45,5.875,23.75,1250,Rice
92,46,46,5.95,24.5,1250,Rice
94,47,47,6.025,25.25,1250,Rice
96,48,48,6.1,26,1250,Rice
98,49,49,6.175,26.75,1250,Rice
100,50,50,6.25,27.5,1250,Rice
102,51,51,6.325,28.25,1250,Rice
104,52,52,6.4,29,1250,Rice
106,53,53,6.475,29.75,1250,Rice
108,54,54,6.55,30.5,1250,Rice
110,55,55,6.625,31.25,1250,Rice
112,56,56,6.7,32,1250,Rice
114,57,57,6.775,32.75,1250,Rice
116,58,58,6.85,33.5,1250,Rice
118,59,59,6.925,34.25,1250,Rice
80.4,41.5,45.6,5.51,30.51,1435,Rice
82.4,40.4,49.6,6.32,27.94,1268.4,Rice
93.3,44.6,42.3,5.86,24.72,1498.3,Rice
86.6,41.8,46,6.21,26,1101.1,Rice
88.5,45.2,47.1,6.11,24.67,1405.1,Rice
88.6,41.2,41.8,5.91,32.81,1096,Rice
80.9,48.4,43.7,6.18,30.12,1241.7,Rice
87.8,44.3,49.7,5.54,26.34,1075.8,Rice
85.4,45.1,41.6,5.84,29.31,1424,Rice
95.5,40.1,43.1,6.38,25.3,1067,Rice
83.8,46.6,40.2,5.95,24.65,1394.8,Rice
87,41.6,43.5,5.68,22.63,1313.3,Rice
97,42.1,49.3,6.21,21.76,1323.3,Rice
80,40.5,45,6.17,25.81,1197.9,Rice
98.3,44.3,44.6,5.87,22.52,1134.7,Rice
97.9,41.4,49.1,6,33.44,1422.2,Rice
90.9,43.9,40.4,6.49,33.85,1213.9,Rice
90.4,48.9,46.2,5.82,24.03,1338.3,Rice
85.4,46.3,49.1,5.75,28.61,1344.3,Rice
85.7,41.7,47,5.82,22.03,1369.8,Rice
119,59.5,49.5,7.425,24.5,750,Wheat
106.5,60,40,6.72,21.09,990.6,Wheat
114.9,60,40,6.6,20.48,780.5,Wheat
103.5,60,40,6.74,23.45,899.3,Wheat
117.6,60,40,6.07,23.52,789.9,Wheat
104.9,60,40,6.65,20.27,735.9,Wheat
102.9,60,40,6.36,20.82,772.1,Wheat
109,60,40,6.95,22.46,547.8,Wheat
115.8,60,40,6.9,22.97,738.9,Wheat
105.4,60,40,6.8,21.13,887.6,Wheat
113.9,60,40,6.69,23.48,615.1,Wheat
114.1,60,40,6.31,21.85,886.3,Wheat
101.1,60,40,6.45,22.86,574.2,Wheat
106.9,60,40,6.99,21.9,820.2,Wheat
103.8,60,40,6.9,20.64,566.8,Wheat
102.6,60,40,6.65,23.29,582.4,Wheat
112.8,60,40,6.59,22.63,935.8,Wheat
101.4,60,40,6.41,21.24,683.6,Wheat
114.5,60,40,6.44,21.66,618.5,Wheat
110.8,60,40,6.55,21.68,533.7,Wheat
116,60,40,6.29,21.19,614,Wheat
100,60,40,5.5,18,650,Maize
102.5,61,41,5.575,18.6,650,Maize
105,62,42,5.65,19.2,650,Maize
107.5,63,43,5.725,19.8,650,Maize
110,64,44,5.8,20.4,650,Maize
112.5,65,45,5.875,21,650,Maize
115,66,46,5.95,21.6,650,Maize
117.5,67,47,6.025,22.2,650,Maize
120,68,48,6.1,22.8,650,Maize
122.5,69,49,6.175,23.4,650,Maize
125,70,50,6.25,24,650,Maize
127.5,71,51,6.325,24.6,650,Maize
130,72,52,6.4,25.2,650,Maize
132.5,73,53,6.475,25.8,650,Maize
135,74,54,6.55,26.4,650,Maize
137.5,75,55,6.625,27,650,Maize
140,76,56,6.7,27.6,650,Maize
142.5,77,57,6.775,28.2,650,Maize
145,78,58,6.85,28.8,650,Maize
147.5,79,59,6.925,29.4,650,Maize
120,60,40,6.46,29.48,697.5,Maize
120,60,40,6.42,28.44,519.1,Maize
120,60,40,6.51,28.36,780.2,Maize
120,60,40,5.93,28.9,573.9,Maize
120,60,40,6.43,26.07,641.8,Maize
120,60,40,6.47,29.5,525.4,Maize
120,60,40,6.95,28.54,752.7,Maize
120,60,40,7.19,27.36,672.2,Maize
120,60,40,6.22,28.5,555,Maize
120,60,40,6.31,25.59,790.8,Maize
120,60,40,6.79,26.21,575,Maize
120,60,40,6.96,25.82,787.9,Maize
120,60,40,6.42,27.49,782.2,Maize
120,60,40,5.81,29.69,699.2,Maize
120,60,40,6.72,29.91,562.8,Maize
120,60,40,5.95,26.53,535,Maize
120,60,40,6.55,27.65,735.6,Maize
120,60,40,6.43,26.16,728.1,Maize
120,60,40,6.96,27.25,649.2,Maize
120,60,40,6.2,27.04,686.1,Maize
80,40,40,6,25,550,Sorghum
82.105,41.053,41.053,6.075,25.263,550,Sorghum
84.211,42.105,42.105,6.15,25.526,550,Sorghum
86.316,43.158,43.158,6.225,25.789,550,Sorghum
88.421,44.211,44.211,6.3,26.053,550,Sorghum
90.526,45.263,45.263,6.375,26.316,550,Sorghum
92.632,46.316,46.316,6.45,26.579,550,Sorghum
94.737,47.368,47.368,6.525,26.842,550,Sorghum
96.842,48.421,48.421,6.6,27.105,550,Sorghum
98.947,49.474,49.474,6.675,27.368,550,Sorghum
101.053,50.526,50.526,6.75,27.632,550,Sorghum
103.158,51.579,51.579,6.825,27.895,550,Sorghum
105.263,52.632,52.632,6.9,28.158,550,Sorghum
107.368,53.684,53.684,6.975,28.421,550,Sorghum
109.474,54.737,54.737,7.05,28.684,550,Sorghum
111.579,55.789,55.789,7.125,28.947,550,Sorghum
113.684,56.842,56.842,7.2,29.211,550,Sorghum
115.789,57.895,57.895,7.275,29.474,550,Sorghum
117.895,58.947,58.947,7.35,29.737,550,Sorghum
120,60,60,7.425,30,550,Sorghum
63.8,40,30,6.84,28.8,465.8,Sorghum
65.2,40,30,7.2,28.86,638,Sorghum
75.6,40,30,6.14,30.39,454.2,Sorghum
73.5,40,30,6.36,27.45,474.2,Sorghum
76.3,40,30,6.51,25.58,529.1,Sorghum
74.3,40,30,6.92,28.59,451.9,Sorghum
79.4,40,30,6.89,29.27,623.9,Sorghum
68.8,40,30,6.15,31.12,592.5,Sorghum
62.8,40,30,6.99,28.55,553.3,Sorghum
67.5,40,30,6.62,27.08,470.4,Sorghum
61.6,40,30,6.68,27.4,597,Sorghum
71.8,40,30,7.19,26.76,599.3,Sorghum
69.8,40,30,6.46,26.12,617.4,Sorghum
75.7,40,30,6.79,25.6,526.1,Sorghum
60,40,30,7.38,27.09,600.7,Sorghum
79,40,30,7.39,25.71,547.3,Sorghum
72.9,40,30,6.91,27.29,573.4,Sorghum
66.4,40,30,6.45,25.49,567,Sorghum
76.6,40,30,6.09,29.66,609.8,Sorghum
71.5,40,30,6.33,30.13,509.8,Sorghum
40,30,20,5.5,25,800,Finger Millet
41.053,30.526,20.526,5.575,25.263,800,Finger Millet
42.105,31.053,21.053,5.65,25.526,800,Finger Millet
43.158,31.579,21.579,5.725,25.789,800,Finger Millet
44.211,32.105,22.105,5.8,26.053,800,Finger Millet
45.263,32.632,22.632,5.875,26.316,800,Finger Millet
46.316,33.158,23.158,5.95,26.579,800,Finger Millet
47.368,33.684,23.684,6.025,26.842,800,Finger Millet
48.421,34.211,24.211,6.1,27.105,800,Finger Millet
49.474,34.737,24.737,6.175,27.368,800,Finger Millet
50.526,35.263,25.263,6.25,27.632,800,Finger Millet
51.579,35.789,25.789,6.325,27.895,800,Finger Millet
52.632,36.316,26.316,6.4,28.158,800,Finger Millet
53.684,36.842,26.842,6.475,28.421,800,Finger Millet
54.737,37.368,27.368,6.55,28.684,800,Finger Millet
55.789,37.895,27.895,6.625,28.947,800,Finger Millet
56.842,38.421,28.421,6.7,29.211,800,Finger Millet
57.895,38.947,28.947,6.775,29.474,800,Finger Millet
58.947,39.474,29.474,6.85,29.737,800,Finger Millet
60,40,30,6.925,30,800,Finger Millet
58.9,40,37,7.39,27.39,885,Finger Millet
52,40,35.3,6.02,25.52,733.6,Finger Millet
56.3,40,32.1,6.16,26.65,703.2,Finger Millet
59.9,40,30.7,7.07,23.49,812.5,Finger Millet
59.4,40,38.3,6.91,27.28,708.2,Finger Millet
56.3,40,36,6.09,23.51,781,Finger Millet
51.4,40,35.7,6.11,24.11,705.1,Finger Millet
53.5,40,30.2,5.9,22.06,805,Finger Millet
53.5,40,37.4,6.26,24.7,865.4,Finger Millet
57.8,40,38.5,6.86,25.06,716.6,Finger Millet
52.9,40,34.4,5.95,24.82,755.6,Finger Millet
54.1,40,37.3,5.92,23.37,734.3,Finger Millet
52.5,40,32.3,5.55,26.18,882.3,Finger Millet
57.1,40,33.9,6.92,25.19,793.4,Finger Millet
52.1,40,31.6,5.89,25.25,867,Finger Millet
52,40,31.3,7.34,27.61,831.4,Finger Millet
57.3,40,33.8,5.99,24.2,711.5,Finger Millet
55.9,40,35.8,5.52,25.91,723.8,Finger Millet
57.4,40,39.2,5.72,23.41,875.2,Finger Millet
55.3,40,36.1,6.86,26.11,846.9,Finger Millet
44.6,20,20,6.09,28.05,538.1,Pearl Millet
42.9,20,20,7.1,31.48,439.6,Pearl Millet
44.1,20,20,7.33,31.29,360,Pearl Millet
48,20,20,7.84,30.36,470.4,Pearl Millet
46.3,20,20,7.51,28.54,468.6,Pearl Millet
40.9,20,20,7.02,31.41,586.2,Pearl Millet
42.3,20,20,7.92,28.05,379.5,Pearl Millet
48.5,20,20,7.21,30.46,399.9,Pearl Millet
43.8,20,20,7.11,31.27,477.3,Pearl Millet
42.9,20,20,6.6,31.99,493.5,Pearl Millet
45,20,20,7.96,29.06,591.9,Pearl Millet
47.8,20,20,6.14,28.11,545.6,Pearl Millet
49.4,20,20,7.49,28.34,515.3,Pearl Millet
47.2,20,20,7.85,29.17,561.1,Pearl Millet
40.1,20,20,6.87,29.72,532.6,Pearl Millet
40.3,20,20,7.52,28.07,304.4,Pearl Millet
46,20,20,6.2,30.53,337.4,Pearl Millet
40.9,20,20,6.76,31.58,492.4,Pearl Millet
44.3,20,20,6.14,28.53,345,Pearl Millet
41.4,20,20,7.32,30.78,420.9,Pearl Millet
20,50,20,6,25,800,Pigeon Pea
20.526,50.526,20.526,6.075,25.526,800,Pigeon Pea
21.053,51.053,21.053,6.15,26.053,800,Pigeon Pea
21.579,51.579,21.579,6.225,26.579,800,Pigeon Pea
22.105,52.105,22.105,6.3,27.105,800,Pigeon Pea
22.632,52.632,22.632,6.375,27.632,800,Pigeon Pea
23.158,53.158,23.158,6.45,28.158,800,Pigeon Pea
23.684,53.684,23.684,6.525,28.684,800,Pigeon Pea
24.211,54.211,24.211,6.6,29.211,800,Pigeon Pea
24.737,54.737,24.737,6.675,29.737,800,Pigeon Pea
25.263,55.263,25.263,6.75,30.263,800,Pigeon Pea
25.789,55.789,25.789,6.825,30.789,800,Pigeon Pea
26.316,56.316,26.316,6.9,31.316,800,Pigeon Pea
26.842,56.842,26.842,6.975,31.842,800,Pigeon Pea
27.368,57.368,27.368,7.05,32.368,800,Pigeon Pea
27.895,57.895,27.895,7.125,32.895,800,Pigeon Pea
28.421,58.421,28.421,7.2,33.421,800,Pigeon Pea
28.947,58.947,28.947,7.275,33.947,800,Pigeon Pea
29.474,59.474,29.474,7.35,34.474,800,Pigeon Pea
30,60,30,7.425,35,800,Pigeon Pea
24,50,25,6.41,26,886.1,Pigeon Pea
21.1,50,25,7.31,29.35,628.1,Pigeon Pea
23.4,50,25,7.27,32.04,723.7,Pigeon Pea
24.1,50,25,7,30.84,831.5,Pigeon Pea
23.7,50,25,7.06,28.53,735.6,Pigeon Pea
23.7,50,25,6.65,34.59,713.1,Pigeon Pea
24.6,50,25,6.23,30.68,688,Pigeon Pea
20.9,50,25,6.28,32.88,937.8,Pigeon Pea
22.4,50,25,7.46,27.48,659.6,Pigeon Pea
20.7,50,25,6.67,33.23,997.2,Pigeon Pea
24.6,50,25,6.42,34.51,767.2,Pigeon Pea
23.2,50,25,6.95,30.69,699.1,Pigeon Pea
20.1,50,25,7,31.84,941.7,Pigeon Pea
21.5,50,25,6.94,33.67,863.8,Pigeon Pea
23.3,50,25,6.02,29.55,995.4,Pigeon Pea
23.6,50,25,7.39,32.68,911.6,Pigeon Pea
22.2,50,25,7,29.78,988,Pigeon Pea
23.5,50,25,6.19,32.96,979.5,Pigeon Pea
20.1,50,25,6.16,26.38,997.8,Pigeon Pea
21.8,50,25,6.86,31.65,626.5,Pigeon Pea
20,50,25,6.1,24.11,496.7,Chickpea
20,50,25,6.21,23.72,558.2,Chickpea
20,50,25,7.31,23.69,631.5,Chickpea
20,50,25,6.55,21.99,547.2,Chickpea
20,50,25,6.88,21.98,579.8,Chickpea
20,50,25,7.14,22.95,522.5,Chickpea
20,50,25,7.38,23.64,590.5,Chickpea
20,50,25,6.79,21.23,534.2,Chickpea
20,50,25,7,22.24,474.3,Chickpea
20,50,25,7.45,24.97,549.4,Chickpea
20,50,25,7.16,21.65,560.2,Chickpea
20,50,25,6.37,22.39,649.1,Chickpea
20,50,25,7.2,23.23,473.1,Chickpea
20,50,25,7.28,22.78,526.5,Chickpea
20,50,25,6.58,21.61,443.4,Chickpea
20,50,25,7.47,24.18,624.9,Chickpea
20,50,25,7.14,20.57,460.5,Chickpea
20,50,25,6.47,20.7,407.9,Chickpea
20,50,25,6.35,22.64,425.3,Chickpea
20,50,25,6.76,23.56,424.9,Chickpea
20,40,30,6,25,600,Green Gram
20.263,40.526,30.526,6.075,25.526,600,Green Gram
20.526,41.053,31.053,6.15,26.053,600,Green Gram
20.789,41.579,31.579,6.225,26.579,600,Green Gram
21.053,42.105,32.105,6.3,27.105,600,Green Gram
21.316,42.632,32.632,6.375,27.632,600,Green Gram
21.579,43.158,33.158,6.45,28.158,600,Green Gram
21.842,43.684,33.684,6.525,28.684,600,Green Gram
22.105,44.211,34.211,6.6,29.211,600,Green Gram
22.368,44.737,34.737,6.675,29.737,600,Green Gram
22.632,45.263,35.263,6.75,30.263,600,Green Gram
22.895,45.789,35.789,6.825,30.789,600,Green Gram
23.158,46.316,36.316,6.9,31.316,600,Green Gram
23.421,46.842,36.842,6.975,31.842,600,Green Gram
23.684,47.368,37.368,7.05,32.368,600,Green Gram
23.947,47.895,37.895,7.125,32.895,600,Green Gram
24.211,48.421,38.421,7.2,33.421,600,Green Gram
24.474,48.947,38.947,7.275,33.947,600,Green Gram
24.737,49.474,39.474,7.35,34.474,600,Green Gram
25,50,40,7.425,35,600,Green Gram
15.1,40,20,7.37,31.85,688.3,Green Gram
15.2,40,20,6.49,25.4,590.7,Green Gram
15.9,40,20,7.16,25.62,504.4,Green Gram
17,40,20,7.29,27.53,655.8,Green Gram
18.9,40,20,6.49,29.89,614.8,Green Gram
16.6,40,20,6.02,27.53,674.5,Green Gram
17.6,40,20,6.88,30.41,529.5,Green Gram
19.8,40,20,7.4,32.86,567.8,Green Gram
17,40,20,7.36,26.16,606.8,Green Gram
16.4,40,20,6.45,27.71,537.7,Green Gram
19.4,40,20,7.05,28.47,618.5,Green Gram
17.2,40,20,6.53,25.63,535.7,Green Gram
16,40,20,6.64,30.99,572.1,Green Gram
19.1,40,20,6.34,28.9,670.9,Green Gram
19.2,40,20,7.41,30.1,670.9,Green Gram
17.2,40,20,6.66,31.7,596.2,Green Gram
16.4,40,20,7.34,33.79,649.2,Green Gram
19.1,40,20,7.39,26.46,681.7,Green Gram
19.3,40,20,6.99,29.63,545,Green Gram
18.4,40,20,7.09,34.16,518.5,Green Gram
20,40,30,6,25,600,Black Gram
20.263,40.526,30.526,6.075,25.526,600,Black Gram
20.526,41.053,31.053,6.15,26.053,600,Black Gram
20.789,41.579,31.579,6.225,26.579,600,Black Gram
21.053,42.105,32.105,6.3,27.105,600,Black Gram
21.316,42.632,32.632,6.375,27.632,600,Black Gram
21.579,43.158,33.158,6.45,28.158,600,Black Gram
21.842,43.684,33.684,6.525,28.684,600,Black Gram
22.105,44.211,34.211,6.6,29.211,600,Black Gram
22.368,44.737,34.737,6.675,29.737,600,Black Gram
22.632,45.263,35.263,6.75,30.263,600,Black Gram
22.895,45.789,35.789,6.825,30.789,600,Black Gram
23.158,46.316,36.316,6.9,31.316,600,Black Gram
23.421,46.842,36.842,6.975,31.842,600,Black Gram
23.684,47.368,37.368,7.05,32.368,600,Black Gram
23.947,47.895,37.895,7.125,32.895,600,Black Gram
24.211,48.421,38.421,7.2,33.421,600,Black Gram
24.474,48.947,38.947,7.275,33.947,600,Black Gram
24.737,49.474,39.474,7.35,34.474,600,Black Gram
25,50,40,7.425,35,600,Black Gram
16.1,40,20,6.85,31.19,649,Black Gram
19.4,40,20,7.5,34.05,579.6,Black Gram
19.8,40,20,6.83,30.18,528.2,Black Gram
19.2,40,20,6.39,34.53,671.6,Black Gram
17.8,40,20,6.63,31.56,562.6,Black Gram
16.5,40,20,7.17,28.83,662.2,Black Gram
19.2,40,20,7.16,31.87,548.4,Black Gram
15.1,40,20,6.33,34.75,606.1,Black Gram
17.2,40,20,6.11,32.45,670.2,Black Gram
18.1,40,20,7,27.49,606.4,Black Gram
15.3,40,20,6.13,31.08,599.2,Black Gram
18.8,40,20,6.3,30,605.9,Black Gram
15.5,40,20,6.78,29.37,682.9,Black Gram
18.1,40,20,6.12,27.66,682.5,Black Gram
19.4,40,20,6.15,33.99,503.2,Black Gram
19.5,40,20,6.39,27.73,582.8,Black Gram
16.4,40,20,6.64,31.57,511,Black Gram
15.5,40,20,6.32,33.73,617.5,Black Gram
18.8,40,20,7.49,31.68,575,Black Gram
17.8,40,20,6.54,33.69,602.9,Black Gram
100,59.7,50,6.96,26.28,565.8,Eggplant
100,54.3,50,6.21,29.64,743.4,Eggplant
100,58.1,50,6.69,24.54,693.6,Eggplant
100,56.8,50,6.3,26.31,629,Eggplant
100,54.6,50,6.92,24.74,579.8,Eggplant
100,55.5,50,6.59,25.18,517.4,Eggplant
100,59.8,50,6.87,24.97,590.7,Eggplant
100,50.1,50,6.92,28.73,673.3,Eggplant
100,51.4,50,6.17,24.06,598.1,Eggplant
100,54.8,50,6.76,27.73,603.6,Eggplant
100,52.5,50,6.72,25.48,617.5,Eggplant
100,54.8,50,6.8,28.52,519.5,Eggplant
100,58.3,50,7.12,27.5,545.8,Eggplant
100,54.3,50,6.04,24.15,648.3,Eggplant
100,53.1,50,7.18,25.98,653.8,Eggplant
100,52.8,50,6.18,24.67,637.4,Eggplant
100,53,50,6.81,24.1,510.1,Eggplant
100,55.8,50,7.12,26.67,545.6,Eggplant
100,51.9,50,6.76,29.91,702.8,Eggplant
100,53.6,50,6.12,27.49,643.8,Eggplant
60,40,40,6,20,725,Sunflower
61.579,41.053,41.053,6.075,20.526,725,Sunflower
63.158,42.105,42.105,6.15,21.053,725,Sunflower
64.737,43.158,43.158,6.225,21.579,725,Sunflower
66.316,44.211,44.211,6.3,22.105,725,Sunflower
67.895,45.263,45.263,6.375,22.632,725,Sunflower
69.474,46.316,46.316,6.45,23.158,725,Sunflower
71.053,47.368,47.368,6.525,23.684,725,Sunflower
72.632,48.421,48.421,6.6,24.211,725,Sunflower
74.211,49.474,49.474,6.675,24.737,725,Sunflower
75.789,50.526,50.526,6.75,25.263,725,Sunflower
77.368,51.579,51.579,6.825,25.789,725,Sunflower
78.947,52.632,52.632,6.9,26.316,725,Sunflower
80,53.684,53.684,6.975,26.842,725,Sunflower
82.105,54.737,54.737,7.05,27.368,725,Sunflower
83.684,55.789,55.789,7.125,27.895,725,Sunflower
85.263,56.842,56.842,7.2,28.421,725,Sunflower
86.842,57.895,57.895,7.275,28.947,725,Sunflower
88.421,58.947,58.947,7.35,29.474,725,Sunflower
90,60,60,7.425,30,725,Sunflower
60,60,40,6.38,21.76,600.9,Sunflower
60,60,40,7.55,20.26,717.3,Sunflower
60,60,40,7.2,20.86,713.6,Sunflower
60,60,40,6.61,22.71,632.2,Sunflower
60,60,40,6.8,21.77,734.9,Sunflower
60,60,40,7.21,20.5,823.7,Sunflower
60,60,40,7.88,21.31,755.8,Sunflower
60,60,40,7.88,24.61,661.8,Sunflower
60,60,40,7.17,24.45,711.2,Sunflower
60,60,40,7.95,22.02,691,Sunflower
60,60,40,7.07,23.73,632.3,Sunflower
60,60,40,7.16,23.98,753.3,Sunflower
60,60,40,6.44,23.63,773.2,Sunflower
60,60,40,7.53,20.62,778.6,Sunflower
60,60,40,6.88,21.23,629.7,Sunflower
60,60,40,7.64,21.42,717.9,Sunflower
60,60,40,7.98,23.41,766.3,Sunflower
60,60,40,7.6,22.09,794.4,Sunflower
60,60,40,6.07,20.65,672.8,Sunflower
60,60,40,6.7,23.53,759.5,Sunflower
150,60,60,6,25,1250,Sugarcane
155.263,61.579,63.158,6.075,25.526,1250,Sugarcane
160.526,63.158,66.316,6.15,26.053,1250,Sugarcane
165.789,64.737,69.474,6.225,26.579,1250,Sugarcane
171.053,66.316,72.632,6.3,27.105,1250,Sugarcane
176.316,67.895,75.789,6.375,27.632,1250,Sugarcane
181.579,69.474,78.947,6.45,28.158,1250,Sugarcane
186.842,71.053,82.105,6.525,28.684,1250,Sugarcane
192.105,72.632,85.263,6.6,29.211,1250,Sugarcane
197.368,74.211,88.421,6.675,29.737,1250,Sugarcane
202.632,75.789,91.579,6.75,30.263,1250,Sugarcane
207.895,77.368,94.737,6.825,30.789,1250,Sugarcane
213.158,78.947,97.895,6.9,31.316,1250,Sugarcane
218.421,80,101.053,6.975,31.842,1250,Sugarcane
223.684,82.105,104.211,7.05,32.368,1250,Sugarcane
228.947,83.684,107.368,7.125,32.895,1250,Sugarcane
234.211,85.263,110.526,7.2,33.421,1250,Sugarcane
239.474,86.842,113.684,7.275,33.947,1250,Sugarcane
244.737,88.421,116.842,7.35,34.474,1250,Sugarcane
250,90,120,7.425,35,1250,Sugarcane
250,115,120,7.4,28.23,1348.6,Sugarcane
250,115,120,7.83,33.88,1216.7,Sugarcane
250,115,120,7.76,28.38,1114.2,Sugarcane
250,115,120,7.37,30.7,1263.8,Sugarcane
250,115,120,7.74,29.96,1252.2,Sugarcane
250,115,120,7.8,33.6,1241.7,Sugarcane
250,115,120,7.94,32.68,1259.9,Sugarcane
250,115,120,7.54,22.97,1009.2,Sugarcane
250,115,120,6.84,31.63,1469.6,Sugarcane
250,115,120,7.67,27.79,1223.9,Sugarcane
250,115,120,7.53,32.36,1171,Sugarcane
250,115,120,6.79,24.05,1120.5,Sugarcane
250,115,120,7,24.17,1151.6,Sugarcane
250,115,120,7.97,26.76,1206.5,Sugarcane
250,115,120,7.81,29.03,1427.2,Sugarcane
250,115,120,7.92,24.72,1433.5,Sugarcane
250,115,120,6.51,25.44,1111.7,Sugarcane
250,115,120,7.78,29.37,1471.4,Sugarcane
250,115,120,7.58,26.56,1045.1,Sugarcane
250,115,120,7.86,22.95,1267.3,Sugarcane
20,50,30,6,20,700,Soybean
21.053,50.526,30.526,6.053,20.526,700,Soybean
22.105,51.053,31.053,6.105,21.053,700,Soybean
23.158,51.579,31.579,6.158,21.579,700,Soybean
24.211,52.105,32.105,6.211,22.105,700,Soybean
25.263,52.632,32.632,6.263,22.632,700,Soybean
26.316,53.158,33.158,6.316,23.158,700,Soybean
27.368,53.684,33.684,6.368,23.684,700,Soybean
28.421,54.211,34.211,6.421,24.211,700,Soybean
29.474,54.737,34.737,6.474,24.737,700,Soybean
30.526,55.263,35.263,6.526,25.263,700,Soybean
31.579,55.789,35.789,6.579,25.789,700,Soybean
32.632,56.316,36.316,6.632,26.316,700,Soybean
33.684,56.842,36.842,6.684,26.842,700,Soybean
34.737,57.368,37.368,6.737,27.368,700,Soybean
35.789,57.895,37.895,6.789,27.895,700,Soybean
36.842,58.421,38.421,6.842,28.421,700,Soybean
37.895,58.947,38.947,6.895,28.947,700,Soybean
38.947,59.474,39.474,6.947,29.474,700,Soybean
40,60,40,7,30,700,Soybean
60,60,40,6.67,20.11,566.7,Soybean
60,60,40,6.28,24.25,681.7,Soybean
60,60,40,6.89,27.66,528.5,Soybean
60,60,40,6.53,28.5,777.2,Soybean
60,60,40,6.92,25.42,791.8,Soybean
60,60,40,6.84,24.94,553.4,Soybean
60,60,40,7.27,25.08,578,Soybean
60,60,40,7.04,27.85,672.9,Soybean
60,60,40,6.53,25.08,654,Soybean
60,60,40,6.42,25.75,734.9,Soybean
60,60,40,6.94,23.81,677.6,Soybean
60,60,40,6.12,25.81,729.5,Soybean
60,60,40,6.84,22.45,819,Soybean
60,60,40,6.39,23.44,712.2,Soybean
60,60,40,6.82,29.06,771,Soybean
60,60,40,7.21,23.44,684.5,Soybean
60,60,40,6.23,21.26,524.3,Soybean
60,60,40,7.47,23.94,781.7,Soybean
60,60,40,6.02,27.69,621.9,Soybean
60,60,40,7.39,27.69,899.7,Soybean
40,30,400,6,12,60,Barley
40.526,30.526,400,6.105,12.684,61.579,Barley
41.053,31.053,400,6.211,13.368,63.158,Barley
41.579,31.579,400,6.316,14.053,64.737,Barley
42.105,32.105,400,6.421,14.737,66.316,Barley
42.632,32.632,400,6.526,15.421,67.895,Barley
43.158,33.158,400,6.632,16.105,69.474,Barley
43.684,33.684,400,6.737,16.789,71.053,Barley
44.211,34.211,400,6.842,17.474,72.632,Barley
44.737,34.737,400,6.947,18.158,74.211,Barley
45.263,35.263,400,7.053,18.842,75.789,Barley
45.789,35.789,400,7.158,19.526,77.368,Barley
46.316,36.316,400,7.263,20.211,78.947,Barley
46.842,36.842,400,7.368,20.895,80,Barley
47.368,37.368,400,7.474,21.579,82.105,Barley
47.895,37.895,400,7.579,22.263,83.684,Barley
48.421,38.421,400,7.684,22.947,85.263,Barley
48.947,38.947,400,7.789,23.632,86.842,Barley
49.474,39.474,400,7.895,24.316,88.421,Barley
50,40,400,8,25,90,Barley
80,40,40,6,21,900,Cotton
81.053,41.053,41.053,6.075,21.474,900,Cotton
82.105,42.105,42.105,6.15,21.947,900,Cotton
83.158,43.158,43.158,6.225,22.421,900,Cotton
84.211,44.211,44.211,6.3,22.895,900,Cotton
85.263,45.263,45.263,6.375,23.368,900,Cotton
86.316,46.316,46.316,6.45,23.842,900,Cotton
87.368,47.368,47.368,6.525,24.316,900,Cotton
88.421,48.421,48.421,6.6,24.789,900,Cotton
89.474,49.474,49.474,6.675,25.263,900,Cotton
90.526,50.526,50.526,6.75,25.737,900,Cotton
91.579,51.579,51.579,6.825,26.211,900,Cotton
92.632,52.632,52.632,6.9,26.684,900,Cotton
93.684,53.684,53.684,6.975,27.158,900,Cotton
94.737,54.737,54.737,7.05,27.632,900,Cotton
95.789,55.789,55.789,7.125,28.105,900,Cotton
96.842,56.842,56.842,7.2,28.579,900,Cotton
97.895,57.895,57.895,7.275,29.053,900,Cotton
98.947,58.947,58.947,7.35,29.526,900,Cotton
100,60,60,7.425,30,900,Cotton
115.3,57.2,58.7,6.65,22.12,1138.4,Cotton
116.9,59.6,50.6,7.33,22.45,979,Cotton
107.7,54.2,57.6,6.38,23.73,857.1,Cotton
106.3,59.9,58.2,7.26,21.05,742.3,Cotton
112.3,56.8,53.8,6.99,27.06,1068.7,Cotton
118.6,56.6,57.6,7.43,25.87,1090.6,Cotton
101.8,59.3,58.2,7.2,26.42,977.9,Cotton
101.6,51.6,59,6.47,29.44,1187.7,Cotton
101.5,51.7,59.9,6.93,29.07,915.9,Cotton
111.8,59.8,59.8,6.34,21.8,765.7,Cotton
118.6,55.7,57.1,6.34,27.21,1162.5,Cotton
117.6,57.9,57.3,6.42,27.67,647.3,Cotton
100.7,54.8,56.5,6.82,21.03,869.3,Cotton
116.2,52,57,6.36,25.17,796.8,Cotton
101.3,51.3,52,6.43,26.58,716.5,Cotton
114.9,59.1,54.3,6.39,21.68,1162,Cotton
101.8,51.8,55.7,7.28,22.12,920.9,Cotton
116.6,59.1,54.5,6.71,26.55,1100.3,Cotton
103.8,54.9,51.4,6.9,26.67,630.7,Cotton
108.8,56,51.1,6.07,24.49,745.2,Cotton
60,40,40,5.88,26.55,718.9,Tobacco
60,40,40,6.46,28.58,732.2,Tobacco
60,40,40,6.22,29.71,764.1,Tobacco
60,40,40,5.99,27.83,784.7,Tobacco
60,40,40,6.08,26.54,793,Tobacco
60,40,40,6.5,29.61,630.1,Tobacco
60,40,40,5.75,25.62,688.8,Tobacco
60,40,40,6.39,28.25,690.4,Tobacco
60,40,40,6.49,26.67,768,Tobacco
60,40,40,6.5,27.59,717.6,Tobacco
60,40,40,6.46,27.7,784.5,Tobacco
60,40,40,6.21,25.58,754.9,Tobacco
60,40,40,6.22,27.91,604.6,Tobacco
60,40,40,6.08,25.23,628.7,Tobacco
60,40,40,5.77,26.36,691.9,Tobacco
60,40,40,5.93,26.87,776.6,Tobacco
60,40,40,5.93,26.73,680.9,Tobacco
60,40,40,5.82,28.41,665.8,Tobacco
60,40,40,6.47,27.52,782.3,Tobacco
60,40,40,5.66,29.96,776.1,Tobacco
104.8,73.5,58.8,6.8,21.02,784.3,Tomato
110.6,64.3,55.7,6.39,24.22,761.6,Tomato
107.3,68.9,54.2,6.3,20.97,786.7,Tomato
119.3,70.4,50.2,6.01,23.17,740.6,Tomato
119,69.3,53.5,6.19,21.86,614.2,Tomato
104.1,71.7,59.7,6.77,24.21,796.4,Tomato
117.7,62.6,52.7,6.83,20.1,622.6,Tomato
119.6,74.7,54.9,6.71,20.61,609.3,Tomato
109.7,68.6,55.8,6.01,20.24,777.4,Tomato
118.2,69.3,57.6,6.43,24.53,772.2,Tomato
102.7,77.2,54.6,6.36,22.52,636.7,Tomato
100.7,77.7,57.5,6.75,22.6,746.4,Tomato
115.2,62.4,55.5,6.42,24.34,752.2,Tomato
115.2,69.4,55.7,6.54,23.75,687.8,Tomato
102.1,63.9,53.3,6.76,21.8,709.6,Tomato
110,68.6,57.5,6.58,20.57,717.4,Tomato
112.7,78.3,57.1,6.99,21.29,643.1,Tomato
113.5,67,50.4,6.61,23.51,668.1,Tomato
115.6,78.8,58.4,6.9,24.55,611.4,Tomato
104.5,77.1,53.5,6.31,24.58,648.9,Tomato
91.4,58.5,45.9,7.37,28.81,753.9,Chilli
86.5,41.3,59.5,6.8,28.25,670.8,Chilli
96.1,51.5,57.4,6.17,28.63,665.3,Chilli
97.9,53.5,56.5,7.39,28.19,676.5,Chilli
88,59.3,44.7,6.3,25.46,699.6,Chilli
88.5,59.5,40.4,6.3,29.51,673.2,Chilli
83.7,52.2,57.4,6.58,26.83,618.3,Chilli
87,46.9,51,6.54,28.61,729.5,Chilli
95.8,42,47.4,6.46,29.61,764.8,Chilli
85.6,44.6,59.7,7.32,26.72,648.1,Chilli
84.9,40.5,58.2,6.64,27.85,666.8,Chilli
90.6,55.9,53.3,6.92,25.24,723.6,Chilli
82.2,56.8,48.1,6.96,26.36,649.1,Chilli
97.5,42.9,55.9,6.17,27.33,655.5,Chilli
96.1,54.6,58.2,7.36,26.93,679.9,Chilli
96.3,52.9,56.4,6.08,25.55,799.6,Chilli
83.3,51.8,41.9,6.89,29.16,764.7,Chilli
97.4,45.6,49.6,6.65,29.47,640.8,Chilli
87.9,52,58.1,6.3,26.21,708.9,Chilli
89.6,51.1,44.6,6.28,29.38,648.6,Chilli
100,80,60,6.3,23.47,648.8,Capsicum
100,80,60,6.95,21.51,627,Capsicum
100,80,60,6.9,18.15,752.4,Capsicum
100,80,60,6.15,19.76,761.1,Capsicum
100,80,60,6.97,23.99,736.7,Capsicum
100,80,60,6.22,23.79,725.1,Capsicum
100,80,60,6.83,21.76,620.8,Capsicum
100,80,60,6.05,22.08,739.3,Capsicum
100,80,60,6.98,23.14,792.9,Capsicum
100,80,60,6.16,21.59,665.8,Capsicum
100,80,60,6.67,19.31,784.1,Capsicum
100,80,60,6.42,19.34,796.4,Capsicum
100,80,60,6.92,20.56,795.7,Capsicum
100,80,60,6.7,23.59,754.8,Capsicum
100,80,60,6.24,18.53,659.6,Capsicum
100,80,60,6.85,24.63,604.8,Capsicum
100,80,60,6.34,18.33,694,Capsicum
100,80,60,6.46,20.39,611.6,Capsicum
100,80,60,6.37,19.97,657.1,Capsicum
100,80,60,6.15,22.59,753.5,Capsicum
120,100,100,6.42,17.16,575.4,Cabbage
120,100,100,6.2,19.7,594,Cabbage
120,100,100,6.12,18.5,637.5,Cabbage
120,100,100,6.31,15.98,684.5,Cabbage
120,100,100,6.02,18.45,686.2,Cabbage
120,100,100,6.35,15.26,737.8,Cabbage
120,100,100,6.44,16.16,524.4,Cabbage
120,100,100,6.44,18.64,688.7,Cabbage
120,100,100,6.13,17.8,545.8,Cabbage
120,100,100,6.35,15.69,656.2,Cabbage
120,100,100,6.03,19.92,615.5,Cabbage
120,100,100,6.14,15.65,624.8,Cabbage
120,100,100,6.12,17.95,745,Cabbage
120,100,100,6.24,18.39,559.1,Cabbage
120,100,100,6.27,16.18,720,Cabbage
120,100,100,6.3,16.13,518.3,Cabbage
120,100,100,6.3,17.19,556.7,Cabbage
120,100,100,6.13,19.36,502.8,Cabbage
120,100,100,6.08,17.79,613.7,Cabbage
120,100,100,6.39,17.64,611.6,Cabbage
100,80,80,6.19,17.59,538.9,Cauliflower
100,80,80,6.63,17.27,513.7,Cauliflower
100,80,80,6.52,15.72,601.6,Cauliflower
100,80,80,6.42,15.48,517.4,Cauliflower
100,80,80,6.23,17.49,539.3,Cauliflower
100,80,80,6.47,19.89,682.2,Cauliflower
100,80,80,6.13,15.53,582.2,Cauliflower
100,80,80,6.78,19.23,742.3,Cauliflower
100,80,80,6.77,19.79,567.6,Cauliflower
100,80,80,6.5,18.26,546.3,Cauliflower
100,80,80,6.03,16.12,738.9,Cauliflower
100,80,80,6.91,17.1,689.9,Cauliflower
100,80,80,6.93,17.98,686.1,Cauliflower
100,80,80,6.07,16.53,620.3,Cauliflower
100,80,80,6.34,17.15,719.3,Cauliflower
100,80,80,6.1,19.23,580.5,Cauliflower
100,80,80,6.43,19.61,630.7,Cauliflower
100,80,80,6.76,15.77,598.6,Cauliflower
100,80,80,6.63,19.69,733,Cauliflower
100,80,80,6.54,17.32,595.1,Cauliflower
60,40,30,7.31,22.1,536.1,Beans
60,40,30,6,24.82,580.3,Beans
60,40,30,7.46,23.79,543.9,Beans
60,40,30,6.9,23.87,671,Beans
60,40,30,6.4,22.93,573.2,Beans
60,40,30,6.18,22.92,626.2,Beans
60,40,30,6.93,22.65,698.7,Beans
60,40,30,6.08,23.54,500.1,Beans
60,40,30,6.51,23.9,593.5,Beans
60,40,30,6.15,23.87,502.2,Beans
60,40,30,6.33,24.41,656,Beans
60,40,30,6.39,24.06,639.6,Beans
60,40,30,7.28,23.15,612.8,Beans
60,40,30,6.03,23.47,691.8,Beans
60,40,30,6.09,20.57,590.7,Beans
60,40,30,7.48,22.36,630.2,Beans
60,40,30,7.5,20.84,546.9,Beans
60,40,30,6.61,21.48,561,Beans
60,40,30,6.47,23.05,636.9,Beans
60,40,30,6.96,22.96,690.8,Beans
50,40,40,6.32,17.93,553.3,Peas
50,40,40,6.21,19.21,474.5,Peas
50,40,40,6.03,19.17,521.5,Peas
50,40,40,6.35,15.55,524.3,Peas
50,40,40,6.01,18.55,513.4,Peas
50,40,40,6.82,17.33,493.1,Peas
50,40,40,6.17,18.43,539.8,Peas
50,40,40,6.47,19.55,591.4,Peas
50,40,40,6.97,15.66,409.9,Peas
50,40,40,6.87,18.1,564.1,Peas
50,40,40,6.89,18.48,538.9,Peas
50,40,40,6.36,19.15,554,Peas
50,40,40,7.12,19.56,499.3,Peas
50,40,40,6.41,19.54,447.8,Peas
50,40,40,6.29,15.78,411,Peas
50,40,40,6.32,17.64,556.8,Peas
50,40,40,6.34,15.91,492.3,Peas
50,40,40,6.22,15.93,548,Peas
50,40,40,6.01,19.7,577.6,Peas
50,40,40,7.25,19.11,435,Peas
74.7,50,50,6.89,24.3,774.8,Onion
77.7,50,50,6.56,22.58,505.2,Onion
62,50,50,6.24,21.23,752.5,Onion
69.3,50,50,6.82,25,652.1,Onion
72.6,50,50,6.14,20.24,725.6,Onion
71.7,50,50,6.38,22.42,654,Onion
65.9,50,50,6.14,24.91,682.2,Onion
76.9,50,50,6.76,22.52,532.7,Onion
62.3,50,50,6.3,20.93,768.2,Onion
60.3,50,50,6.21,24.78,599.1,Onion
65.9,50,50,6.15,24.13,732.6,Onion
78.2,50,50,6.5,21.8,584.7,Onion
65.1,50,50,6.25,23.63,797.8,Onion
66.7,50,50,6.32,20.81,694.1,Onion
66.6,50,50,6.42,23.36,719.1,Onion
61.1,50,50,6.87,23.85,734.5,Onion
78.1,50,50,6.62,24.32,750.4,Onion
75.1,50,50,6.43,22.21,709.9,Onion
63.4,50,50,6.94,21.5,795.3,Onion
65.1,50,50,6.36,23.48,638.2,Onion
60,40,40,6.2,19.61,763.4,Garlic
60,40,40,6.61,17.59,683.4,Garlic
60,40,40,6.21,18.67,634.9,Garlic
60,40,40,6.27,15.66,697.2,Garlic
60,40,40,6.78,19.62,587.3,Garlic
60,40,40,6.49,17.56,705,Garlic
60,40,40,6.14,18.03,763.3,Garlic
60,40,40,6.17,17.95,664.1,Garlic
60,40,40,6.72,17.83,697.5,Garlic
60,40,40,6.54,18.73,736.6,Garlic
60,40,40,6.33,16.38,662.8,Garlic
60,40,40,6.08,17.69,505.3,Garlic
60,40,40,6.26,18.65,700.6,Garlic
60,40,40,6.13,16.15,669.8,Garlic
60,40,40,6.74,16.81,573,Garlic
60,40,40,6.83,17.29,600.8,Garlic
60,40,40,6.67,19.31,757.3,Garlic
60,40,40,6.4,19.75,621.1,Garlic
60,40,40,6.87,19.67,500.5,Garlic
60,40,40,6.64,15.04,500.8,Garlic
100,80,60,5.96,19.93,643.2,Potato
100,80,60,5.94,17.03,732.2,Potato
100,80,60,5.68,18.66,788,Potato
100,80,60,6.09,15.75,653.1,Potato
100,80,60,5.8,16.51,614.7,Potato
100,80,60,5.75,17.34,791.7,Potato
100,80,60,5.84,16.45,741.1,Potato
100,80,60,5.59,15.46,699.6,Potato
100,80,60,5.93,17.93,721.8,Potato
100,80,60,6.4,17.96,633.1,Potato
100,80,60,5.84,17.87,601,Potato
100,80,60,5.61,16.79,694.9,Potato
100,80,60,5.92,16.64,634.5,Potato
100,80,60,6.17,15.23,768.5,Potato
100,80,60,6.48,15.39,732.5,Potato
100,80,60,5.59,19.36,702.6,Potato
100,80,60,6.5,16.64,690.4,Potato
100,80,60,6.16,16.36,788.8,Potato
100,80,60,6.01,15.8,753,Potato
100,80,60,6.1,15.24,667.7,Potato
60,50,40,6.25,17.62,540.2,Carrot
60,50,40,6.51,15.46,703.8,Carrot
60,50,40,6.28,16.08,705.2,Carrot
60,50,40,6.51,17.68,726.8,Carrot
60,50,40,6.72,16.17,723.5,Carrot
60,50,40,6.03,19.5,536,Carrot
60,50,40,6.05,16.68,608.1,Carrot
60,50,40,6.78,18.05,593.7,Carrot
60,50,40,6.63,19.41,596.4,Carrot
60,50,40,6.27,19.67,738.2,Carrot
60,50,40,6.7,18.74,654.4,Carrot
60,50,40,6.13,17.9,674.6,Carrot
60,50,40,6.74,16.59,636.9,Carrot
60,50,40,6.2,19.46,661.5,Carrot
60,50,40,6.34,17.52,570.3,Carrot
60,50,40,6.69,18.06,673.5,Carrot
60,50,40,6.18,20,511.9,Carrot
60,50,40,6.72,17.48,567.3,Carrot
60,50,40,6.27,18.37,537.2,Carrot
60,50,40,6.12,18.56,509.7,Carrot
50,40,30,6.73,18.02,565,Radish
50,40,30,6.03,18.26,454.8,Radish
50,40,30,6.63,18.12,509,Radish
50,40,30,6.3,19.63,500.1,Radish
50,40,30,6.51,16.5,552.8,Radish
50,40,30,6.17,18.49,531.7,Radish
50,40,30,6.22,18.89,493.2,Radish
50,40,30,6.8,18.62,473.6,Radish
50,40,30,6.66,18.99,587.1,Radish
50,40,30,6.79,17.17,433.2,Radish
50,40,30,6.12,16,587.4,Radish
50,40,30,6.18,16.9,411.3,Radish
50,40,30,6.16,19.32,418.1,Radish
50,40,30,6.25,18.52,548.5,Radish
50,40,30,6.35,16.54,532.8,Radish
50,40,30,6.49,16.87,423,Radish
50,40,30,6.67,19.59,436,Radish
50,40,30,6.61,18.61,530,Radish
50,40,30,6.05,19.74,546.1,Radish
50,40,30,6.71,17.85,429,Radish
60,50,40,6.05,15.87,657.8,Beetroot
60,50,40,6.33,16.84,685,Beetroot
60,50,40,6.99,17.02,501.9,Beetroot
60,50,40,6.88,17.98,567.4,Beetroot
60,50,40,6.16,16.99,616,Beetroot
60,50,40,6.92,19.1,509.9,Beetroot
60,50,40,6.58,19.64,554.7,Beetroot
60,50,40,6.66,16.38,659.4,Beetroot
60,50,40,6.84,16.27,621,Beetroot
60,50,40,6.51,16.27,619.2,Beetroot
60,50,40,6.89,19.17,660.2,Beetroot
60,50,40,6.07,17.43,615.7,Beetroot
60,50,40,6.03,17.65,676.9,Beetroot
60,50,40,6.78,19.04,647.4,Beetroot
60,50,40,6.9,19.84,584,Beetroot
60,50,40,6.18,16.5,659,Beetroot
60,50,40,6.07,19.52,635.1,Beetroot
60,50,40,6.03,17.82,647.9,Beetroot
60,50,40,7,17.81,590.1,Beetroot
60,50,40,6.87,15.19,676.4,Beetroot
50,40,30,6.58,29.09,547.3,Cluster Beans
50,40,30,7.39,26.59,435,Cluster Beans
50,40,30,6.68,27.02,595.7,Cluster Beans
50,40,30,6.29,25.27,494,Cluster Beans
50,40,30,7.33,26.93,420.8,Cluster Beans
50,40,30,6.43,28.94,519.9,Cluster Beans
50,40,30,6.61,25.48,458.6,Cluster Beans
50,40,30,6.57,28.87,551.3,Cluster Beans
50,40,30,6.13,25.66,465.7,Cluster Beans
50,40,30,6.4,29.55,531.3,Cluster Beans
50,40,30,6.23,29.25,451.3,Cluster Beans
50,40,30,6.93,29.27,590.7,Cluster Beans
50,40,30,6.38,29.75,547.2,Cluster Beans
50,40,30,6.56,27.75,401.6,Cluster Beans
50,40,30,6.09,25.99,513.4,Cluster Beans
50,40,30,6.18,25.56,455.1,Cluster Beans
50,40,30,7.19,25.67,430.1,Cluster Beans
50,40,30,6.4,29.99,444,Cluster Beans
50,40,30,6.07,25.44,563.5,Cluster Beans
50,40,30,7.32,28.15,456.7,Cluster Beans
60,40,30,6.83,27.3,715.8,Bottle Gourd
60,40,30,7.21,29.42,630.3,Bottle Gourd
60,40,30,6.42,28.63,643.1,Bottle Gourd
60,40,30,6.03,28.99,685.9,Bottle Gourd
60,40,30,6.31,27.93,782.5,Bottle Gourd
60,40,30,6.92,29.93,659.7,Bottle Gourd
60,40,30,6.83,28.62,703.8,Bottle Gourd
60,40,30,7.46,25.78,619.6,Bottle Gourd
60,40,30,7.1,29.08,695.7,Bottle Gourd
60,40,30,7.09,25.2,714.8,Bottle Gourd
60,40,30,7.5,29.46,751.7,Bottle Gourd
60,40,30,6.78,26.15,735.8,Bottle Gourd
60,40,30,6.79,29.24,753.1,Bottle Gourd
60,40,30,7.08,29.23,795.4,Bottle Gourd
60,40,30,6.66,28.26,683.8,Bottle Gourd
60,40,30,6.63,27.41,745.1,Bottle Gourd
60,40,30,6.98,29.92,642.3,Bottle Gourd
60,40,30,6.03,29.23,655.1,Bottle Gourd
60,40,30,7.2,26.76,789.3,Bottle Gourd
60,40,30,6.26,25.75,745.8,Bottle Gourd
60,40,30,6.12,29.23,686,Ridge Gourd
60,40,30,7.12,25.46,710.9,Ridge Gourd
60,40,30,6.45,27.15,683.9,Ridge Gourd
60,40,30,7.43,27.81,683.2,Ridge Gourd
60,40,30,6.63,27.31,759.4,Ridge Gourd
60,40,30,7.14,28.23,694,Ridge Gourd
60,40,30,7.23,28.24,716,Ridge Gourd
60,40,30,7.29,27.84,769.6,Ridge Gourd
60,40,30,7.03,29.22,744.5,Ridge Gourd
60,40,30,7.44,27.08,777,Ridge Gourd
60,40,30,6.7,25.11,742.7,Ridge Gourd
60,40,30,7.5,27.22,724.6,Ridge Gourd
60,40,30,6.29,25.81,654.4,Ridge Gourd
60,40,30,6.98,28.7,621,Ridge Gourd
60,40,30,6.3,28.42,689.4,Ridge Gourd
60,40,30,7.28,28.97,796.9,Ridge Gourd
60,40,30,7.06,25.03,623.5,Ridge Gourd
60,40,30,6.87,27.85,618.1,Ridge Gourd
60,40,30,6.94,25.31,712,Ridge Gourd
60,40,30,6.27,25.79,797,Ridge Gourd
60,40,30,7.45,26.38,633.5,Bitter Gourd
60,40,30,7.24,25.48,677.7,Bitter Gourd
60,40,30,6.39,27.06,661.6,Bitter Gourd
60,40,30,6.57,29.51,734.6,Bitter Gourd
60,40,30,6.27,29.35,786.6,Bitter Gourd
60,40,30,6.78,27.44,702.3,Bitter Gourd
60,40,30,6.63,28.64,787.1,Bitter Gourd
60,40,30,6.23,26.04,710,Bitter Gourd
60,40,30,6.95,25.35,643.8,Bitter Gourd
60,40,30,6.24,29.73,758,Bitter Gourd
60,40,30,6.38,25.81,768.7,Bitter Gourd
60,40,30,6.3,25.01,658.7,Bitter Gourd
60,40,30,7.35,28.05,704.4,Bitter Gourd
60,40,30,6.57,26.38,634.9,Bitter Gourd
60,40,30,6.31,29.55,742.9,Bitter Gourd
60,40,30,6.62,26.03,625.3,Bitter Gourd
60,40,30,6.14,25.99,748.4,Bitter Gourd
60,40,30,7.02,25.35,696.7,Bitter Gourd
60,40,30,6.31,29.36,646.5,Bitter Gourd
60,40,30,7.24,27.72,705,Bitter Gourd
60,40,30,6.02,27.42,766.3,Pumpkin
60,40,30,6.64,27.88,647.5,Pumpkin
60,40,30,6.34,25.9,607.9,Pumpkin
60,40,30,6.84,26.93,642.5,Pumpkin
60,40,30,6.44,25.48,760.1,Pumpkin
60,40,30,7.17,25.8,686.4,Pumpkin
60,40,30,7.35,27.97,792.9,Pumpkin
60,40,30,7.05,29.18,766,Pumpkin
60,40,30,6.64,26.33,632.9,Pumpkin
60,40,30,7.12,28.14,631.8,Pumpkin
60,40,30,7.45,25.8,781.8,Pumpkin
60,40,30,6.63,26.1,760.9,Pumpkin
60,40,30,6.96,26.4,740.7,Pumpkin
60,40,30,7.22,25.1,701.8,Pumpkin
60,40,30,7.46,27.57,769.1,Pumpkin
60,40,30,6.17,26.14,777.4,Pumpkin
60,40,30,6.06,26.02,772.3,Pumpkin
60,40,30,7.33,26.52,737.4,Pumpkin
60,40,30,6.07,26.37,757.2,Pumpkin
60,40,30,6.55,27.43,778.7,Pumpkin
20,30,20,6.18,26.32,398.5,Horse Gram
20,30,20,5.61,28.85,319.4,Horse Gram
20,30,20,5.78,29.6,440.2,Horse Gram
20,30,20,5.83,29.37,410.9,Horse Gram
20,30,20,5.71,25.26,358.6,Horse Gram
20,30,20,5.53,28.99,463.1,Horse Gram
20,30,20,6.22,25.34,455.4,Horse Gram
20,30,20,5.6,27.71,456.2,Horse Gram
20,30,20,6.44,26.03,352.1,Horse Gram
20,30,20,6.43,28.7,364.6,Horse Gram
20,30,20,5.54,26.31,423.2,Horse Gram
20,30,20,6.07,26.59,356.8,Horse Gram
20,30,20,6.26,26.2,441.4,Horse Gram
20,30,20,5.91,25.64,426.4,Horse Gram
20,30,20,5.52,26.57,445.8,Horse Gram
20,30,20,6.03,25.26,476.3,Horse Gram
20,30,20,5.64,25.18,314.8,Horse Gram
20,30,20,6.43,27.93,398.7,Horse Gram
20,30,20,6.17,25.52,367.4,Horse Gram
20,30,20,6.35,25.04,334.8,Horse Gram
24.8,40,30,6.6,25.71,447,Cowpea
20.7,40,30,7,23.94,524.3,Cowpea
23,40,30,6.12,23.22,556.9,Cowpea
21.1,40,30,6.76,22.38,506.6,Cowpea
22.6,40,30,6.32,25.06,410,Cowpea
22.9,40,30,7.21,21.81,547.5,Cowpea
23.7,40,30,6.97,25.37,435,Cowpea
24.2,40,30,6.4,20.19,413.5,Cowpea
22.3,40,30,7.14,29.12,535.8,Cowpea
20.3,40,30,6.54,26.32,419,Cowpea
21.7,40,30,7.2,21.4,425.1,Cowpea
22.9,40,30,7.28,26.56,419.8,Cowpea
23.8,40,30,6.98,28.77,599.1,Cowpea
23.3,40,30,6.74,29.27,412.6,Cowpea
24,40,30,6.77,28.94,564.2,Cowpea
20.2,40,30,6.61,24.37,427,Cowpea
22.1,40,30,7.07,20.98,538.5,Cowpea
23,40,30,6.42,27.73,528.4,Cowpea
22.7,40,30,6.7,21.68,472.9,Cowpea
20.1,40,30,7.17,27.17,487,Cowpea
25,40,30,6.1,24.87,533.9,Field Bean
25,40,30,6.52,28.66,537.1,Field Bean
25,40,30,7.41,26.29,675.4,Field Bean
25,40,30,6.77,21.15,647.7,Field Bean
25,40,30,7.12,23.91,663.5,Field Bean
25,40,30,6.47,20.86,619,Field Bean
25,40,30,7.09,24.43,590.9,Field Bean
25,40,30,6.12,25.83,539.7,Field Bean
25,40,30,7.1,20.19,583.5,Field Bean
25,40,30,6.87,22.97,623.4,Field Bean
25,40,30,6,21.2,560.2,Field Bean
25,40,30,7.5,24.5,574,Field Bean
25,40,30,6.92,26.38,596.9,Field Bean
25,40,30,6.3,24.15,618.8,Field Bean
25,40,30,6.37,26.81,527,Field Bean
25,40,30,7.29,21.03,611.3,Field Bean
25,40,30,6.33,29.67,526,Field Bean
25,40,30,6.42,24.68,622.5,Field Bean
25,40,30,6.46,26.82,596.8,Field Bean
25,40,30,7.15,24.49,567.9,Field Bean
47.2,40,30,6.02,22.18,683.1,Safflower
49.4,40,30,7.1,22.92,536.2,Safflower
42.8,40,30,6.72,22.58,697.2,Safflower
44.4,40,30,7.1,23.8,711.2,Safflower
42.7,40,30,7.28,20.27,623,Safflower
49.6,40,30,6.32,24.46,637.3,Safflower
43,40,30,6.54,23,786.3,Safflower
42.3,40,30,6.25,24.47,729.4,Safflower
48.3,40,30,7.48,21.57,506.1,Safflower
49.9,40,30,7.31,20.45,695.4,Safflower
48.6,40,30,6.39,22.47,746.1,Safflower
45.8,40,30,6.81,23.84,655.9,Safflower
45.4,40,30,6.39,20.5,796.5,Safflower
49.2,40,30,6.47,22.02,570.5,Safflower
43.2,40,30,7.17,23.83,784.9,Safflower
43.6,40,30,6.93,23.25,657.6,Safflower
42.3,40,30,6.94,22.46,526.9,Safflower
49.9,40,30,6.18,24.74,797.3,Safflower
49,40,30,6.68,23.8,702.8,Safflower
41.3,40,30,7.29,21.36,673.1,Safflower
25,40,30,6.45,28.49,522.6,Sesame
25,40,30,5.96,27.59,491.6,Sesame
25,40,30,5.55,25.74,452.9,Sesame
25,40,30,6.39,29.58,547.5,Sesame
25,40,30,6.16,25.53,545.9,Sesame
25,40,30,5.58,29.91,408.5,Sesame
25,40,30,6.13,25.95,494.9,Sesame
25,40,30,5.76,29.18,471.5,Sesame
25,40,30,6.14,29.58,581.6,Sesame
25,40,30,5.99,27.84,573.5,Sesame
25,40,30,5.53,27.6,598.4,Sesame
25,40,30,6.43,26.12,480.7,Sesame
25,40,30,6.37,27.15,501.3,Sesame
25,40,30,5.58,27.34,599.7,Sesame
25,40,30,6.39,28.54,491.2,Sesame
25,40,30,6.45,27.15,575.6,Sesame
25,40,30,6.09,27.66,472.9,Sesame
25,40,30,5.91,27.66,471.4,Sesame
25,40,30,5.75,25.82,409.5,Sesame
25,40,30,5.52,26.66,555.6,Sesame
50,40,40,6.88,29.63,786.2,Castor
50,40,40,6.04,28.39,619.9,Castor
50,40,40,6.66,27.97,517.4,Castor
50,40,40,7.32,29.37,557.5,Castor
50,40,40,6.27,26.58,618.2,Castor
50,40,40,7.14,27.59,716.3,Castor
50,40,40,6.03,28.6,664.5,Castor
50,40,40,7.42,28.39,546,Castor
50,40,40,6.21,27.68,751.9,Castor
50,40,40,6.89,27.86,553.4,Castor
50,40,40,7.29,29.22,686.3,Castor
50,40,40,7.04,27.13,699.9,Castor
50,40,40,6.78,26.64,522.3,Castor
50,40,40,6.57,29.03,697.7,Castor
50,40,40,6.91,27.14,621.1,Castor
50,40,40,7.36,29.86,661.5,Castor
50,40,40,6.51,26.64,698.9,Castor
50,40,40,6.78,28.5,612.1,Castor
50,40,40,7.29,27.42,502.4,Castor
50,40,40,6.95,28.12,794,Castor
20,30,20,5.62,22.3,763.7,Niger
20,30,20,6.21,23.93,709.4,Niger
20,30,20,5.75,24.54,915,Niger
20,30,20,5.72,22.87,887.2,Niger
20,30,20,6.08,23.3,791.3,Niger
20,30,20,5.53,23.01,819.5,Niger
20,30,20,6.48,23.23,855.4,Niger
20,30,20,5.54,22.43,829.6,Niger
20,30,20,6.46,20.85,653.6,Niger
20,30,20,5.79,23.87,762.9,Niger
20,30,20,5.88,21.01,845.6,Niger
20,30,20,5.92,22.57,964.1,Niger
20,30,20,5.89,24.62,669,Niger
20,30,20,6.42,23.98,647.2,Niger
20,30,20,5.88,20.86,892.5,Niger
20,30,20,6.18,23,878.5,Niger
20,30,20,5.67,21.48,858.6,Niger
20,30,20,5.75,22.08,970.9,Niger
20,30,20,6.06,24.79,803,Niger
20,30,20,6.35,20.91,786.2,Niger
